year,month,doy,gcc_aspido,gcc_cary,gcc_mic,gcc_pout
2012,,1,0,0,0,0
2012,,2,0,0,0,0
2012,,3,0,0,0,0
2012,,4,0,0,0,0
2012,,5,0,0,0,0
2012,,6,0,0,0,0
2012,,7,0,0,0,0
2012,,8,0,0,0,0
2012,,9,0,0,0,0
2012,,10,0,0,0,0
2012,,11,0,0,0,0
2012,,12,0,0,0,0
2012,,13,0,0,0,0
2012,,14,0,0,0,0
2012,,15,0,0,0,0
2012,,16,0,0,0,0
2012,,17,0,0,0,0
2012,,18,0,0,0,0
2012,,19,0,0,0,0
2012,,20,0,0,0,0
2012,,21,0,0,0,0
2012,,22,0,0,0,0
2012,,23,0,0,0,0
2012,,24,0,0,0,0
2012,,25,0,0,0,0
2012,,26,0,0,0,0
2012,,27,0,0,0,0
2012,,28,0,0,0,0
2012,,29,0,0,0,0
2012,,30,0,0,0,0
2012,,31,0,0,0,0
2012,,32,0,0,0,0
2012,,33,0,0,0,0
2012,,34,0,0,0,0
2012,,35,0,0,0,0
2012,,36,0,0,0,0
2012,,37,0,0,0,0
2012,,38,0,0,0,0
2012,,39,0,0,0,0
2012,,40,0,0,0,0
2012,,41,0.34643306,0.368792415,0.34242777,0.35474919
2012,,42,0.35450071,0.36995579,0.341131585,0.354133075
2012,,43,0.355629335,0.370304,0.340838179,0.354808007
2012,,44,0.35469081,0.369880832,0.340785086,0.356078924
2012,,45,0.350604167,0.370848491,0.341458858,0.351227404
2012,,46,0.349646381,0.370621487,0.340789383,0.356565393
2012,,47,0.349169985,0.3706246,0.341966189,0.357774991
2012,,48,0.346672743,0.370796029,0.341305708,0.353201143
2012,,49,0.3504193,0.370543162,0.340560467,0.363588332
2012,,50,0.34727982,0.369986645,0.340971692,0.354509948
2012,,51,0.348028842,0.36805112,0.340372878,0.356013492
2012,,52,0.346784879,0.370480319,0.341044581,0.353706997
2012,,53,0.348905123,0.369744985,0.340273235,0.358440449
2012,,54,0.347533033,0.369809916,0.341156511,0.355506397
2012,,55,0.348428624,0.368449414,0.340049452,0.35286093
2012,,56,0.346556515,0.36927422,0.3397414,0.34869523
2012,,57,0.349685576,0.36995257,0.339085155,0.357398318
2012,,58,0.348239959,0.37114311,0.341130942,0.354342378
2012,,59,0.349545993,0.369639963,0.339950876,0.354409124
2012,,60,0.348998495,0.370498734,0.339372285,0.35444963
2012,,61,0.34913614,0.3689835,0.340644231,0.354453255
2012,,62,0.352781412,0.370130922,0.339298482,0.354879778
2012,,63,0.351718145,0.369579098,0.340209629,0.354871813
2012,,64,0.348700638,0.368134243,0.34044716,0.354634909
2012,,65,0.348515846,0.369032922,0.339399946,0.354724659
2012,,66,0.351843165,0.368945271,0.340233337,0.355219142
2012,,67,0.351441351,0.369206352,0.339584189,0.35528765
2012,,68,0.347341093,0.370296172,0.338407644,0.354926753
2012,,69,0.34736869,0.369838713,0.339199582,0.355043123
2012,,70,0.351065982,0.368799445,0.337554948,0.355583873
2012,,71,0.352547514,0.368591097,0.339964335,0.355865577
2012,,72,0.349670428,0.369506733,0.340352041,0.355646414
2012,,73,0.353132395,0.369272559,0.337828261,0.356157386
2012,,74,0.348756194,0.36891544,0.336980069,0.355814261
2012,,75,0.35015625,0.36843032,0.3373184,0.35611075
2012,,76,0.356560912,0.367788008,0.33874348,0.35516114
2012,,77,0.351494333,0.371576036,0.338664677,0.356580513
2012,,78,0.349128616,0.371286843,0.339914947,0.354780872
2012,,79,0.351182325,0.37188874,0.34048888,0.355246095
2012,,80,0.351296646,0.368079483,0.339416608,0.354997507
2012,,81,0.352616711,0.373254025,0.341341447,0.35560682
2012,,82,0.354476102,0.371508939,0.339948163,0.35508628
2012,,83,0.349512925,0.36916608,0.33893631,0.35851866
2012,,84,0.353756977,0.370485936,0.34174138,0.35851866
2012,,85,0.350594885,0.3691261,0.339195635,0.354544116
2012,,86,0.346342381,0.370640125,0.337859025,0.355416053
2012,,87,0.349336794,0.370107562,0.33750436,0.355409936
2012,,88,0.3492714,0.370680105,0.3375997,0.3534544
2012,,89,0.351648922,0.376944471,0.348291801,0.356329166
2012,,90,0.349862734,0.373384106,0.3447271,0.355961495
2012,,91,0.352513151,0.374183757,0.344815765,0.360839748
2012,,92,0.35290926,0.374320488,0.346430442,0.357009181
2012,,93,0.35447904,0.373972144,0.343186274,0.355846424
2012,,94,0.35220486,0.371480892,0.353421955,0.357995778
2012,,95,0.35622665,0.37208873,0.339067252,0.357150011
2012,,96,0.35221604,0.371204984,0.339748165,0.355747439
2012,,97,0.353432725,0.377316756,0.339827165,0.355805986
2012,,98,0.3512163,0.37502699,0.340319025,0.35624337
2012,,99,0.350520225,0.36739953,0.345946662,0.35624337
2012,,100,0.35300629,0.374127797,0.342052363,0.355432185
2012,,101,0.35010712,0.373598829,0.344280124,0.359765617
2012,,102,0.351399175,0.374562713,0.342196197,0.355522222
2012,,103,0.349494403,0.37109068,0.343523864,0.356155569
2012,,104,0.352813295,0.370375177,0.343954182,0.357007733
2012,,105,0.351701416,0.374643887,0.343352705,0.354429535
2012,,106,0.354239763,0.371986166,0.342744661,0.35546718
2012,,107,0.35232644,0.372905032,0.343610777,0.35340474
2012,,108,0.351113096,0.3721989,0.343464293,0.356188221
2012,,109,0.353629727,0.371053064,0.342498939,0.354914776
2012,,110,0.351326858,0.371450309,0.344992016,0.357185236
2012,,111,0.351167078,0.371533228,0.34317305,0.354976156
2012,,112,0.352829019,0.375654873,0.343062375,0.353504484
2012,,113,0.352740188,0.367158801,0.342569617,0.356062323
2012,,114,0.35281888,0.373890344,0.344439066,0.353244297
2012,,115,0.353037734,0.371025536,0.345023871,0.352838985
2012,,116,0.352135649,0.37399676,0.343205618,0.354110602
2012,,117,0.352498576,0.370605601,0.345134066,0.353992255
2012,,118,0.353275071,0.371842266,0.341880334,0.353570254
2012,,119,0.35427314,0.372216181,0.34628874,0.353511109
2012,,120,0.352477014,0.368123537,0.343608962,0.352233714
2012,,121,0.353401688,0.37554542,0.345695066,0.352397998
2012,,122,0.354381246,0.371968305,0.344081808,0.352947827
2012,,123,0.354095608,0.372272347,0.345869647,0.353404915
2012,,124,0.353653586,0.373351282,0.349571451,0.351814671
2012,,125,0.354291667,0.371410238,0.343838164,0.35180463
2012,,126,0.354244299,0.370619878,0.342527359,0.352951383
2012,,127,0.353951693,0.369614372,0.341195051,0.351894726
2012,,128,0.354639398,0.366527353,0.345787268,0.351574415
2012,,129,0.356590483,0.367660774,0.34487465,0.351823082
2012,,130,0.354554851,0.36971014,0.345243068,0.351475102
2012,,131,0.356261861,0.37051211,0.343099139,0.35110843
2012,,132,0.35500386,0.367949532,0.343519503,0.350936859
2012,,133,0.353584921,0.369479544,0.343309536,0.353332734
2012,,134,0.356105673,0.366920361,0.349918322,0.350392155
2012,,135,0.354352996,0.372649183,0.345916117,0.352025409
2012,,136,0.35441394,0.372685993,0.344912767,0.350420473
2012,,137,0.354184717,0.37108688,0.349945424,0.348959105
2012,,138,0.356214067,0.368917173,0.349120375,0.351803165
2012,,139,0.355139672,0.375533632,0.345216827,0.349341505
2012,,140,0.356114052,0.368602308,0.347736996,0.348755502
2012,,141,0.355088582,0.36809537,0.349831013,0.348175556
2012,,142,0.357208835,0.373707902,0.344765243,0.350357289
2012,,143,0.356573598,0.368802822,0.350245807,0.348972538
2012,,144,0.358142049,0.367892127,0.345855702,0.349507815
2012,,145,0.35678139,0.370727244,0.34400528,0.348127049
2012,,146,0.357695716,0.367866464,0.346333209,0.349635305
2012,,147,0.35755974,0.366466149,0.347958877,0.348903372
2012,,148,0.356980139,0.369585489,0.350827939,0.350659595
2012,,149,0.358528266,0.368416293,0.346708544,0.348684155
2012,,150,0.35411966,0.368144775,0.34651172,0.3471374
2012,,151,0.359588844,0.36518382,0.347260474,0.348456156
2012,,152,0.35617556,0.36897851,0.346094204,0.34927812
2012,,153,0.358412308,0.380435383,0.349843526,0.351733922
2012,,154,0.358673469,0.370481446,0.347309099,0.34787872
2012,,155,0.359548583,0.368501167,0.350070091,0.35071303
2012,,156,0.358357731,0.369822782,0.35351126,0.34864808
2012,,157,0.360979332,0.370976552,0.35353666,0.348412328
2012,,158,0.3594411,0.367980168,0.350533932,0.34446577
2012,,159,0.360284516,0.370972817,0.352920229,0.34474417
2012,,160,0.35837755,0.368586104,0.351163197,0.346092631
2012,,161,0.356192943,0.362517135,0.347363028,0.342293659
2012,,162,0.354315602,0.36099917,0.348607626,0.344348653
2012,,163,0.36113364,0.360244,0.34831712,0.34227824
2012,,164,0.354843992,0.362531306,0.347027337,0.34233259
2012,,165,0.363458983,0.358190523,0.345788162,0.343869688
2012,,166,0.360700611,0.358151257,0.348738185,0.342432378
2012,,167,0.363959331,0.356289282,0.351082487,0.343735869
2012,,168,0.35305773,0.359455025,0.3472611,0.34052012
2012,,169,0.36233133,0.355550134,0.3522273,0.346405982
2012,,170,0,0,0,0
2012,,171,0,0,0,0
2012,,172,0,0,0,0
2012,,173,0,0,0,0
2012,,174,0.355991351,0.361339003,0.350478792,0.342878267
2012,,175,0,0,0,0
2012,,176,0,0,0,0
2012,,177,0.357084145,0.361552469,0.349414426,0.339923012
2012,,178,0.35868161,0.33975778,0.350280856,0.341869974
2012,,179,0.35639521,0.350446815,0.350223147,0.338949664
2012,,180,0.35567605,0.359458354,0.349169693,0.338668074
2012,,181,0.353039608,0.331965616,0.354506546,0.343129
2012,,182,0,0.351469451,0.355746863,0.340879114
2012,,183,0,0.3569386,0.34927443,0.33829808
2012,,184,0.3547418,0.34779402,0.35448176,0.341085262
2012,,185,0,0.365337158,0.35304891,0.339364405
2012,,186,0.355436939,0.356542562,0.3490482,0.336292643
2012,,187,0.34960428,0.31970764,0.350549848,0.338951984
2012,,188,0,0,0,0
2012,,189,0.354146749,0.358539501,0.348781876,0.33720807
2012,,190,0,0,0,0
2012,,191,0,0,0,0
2012,,192,0.354179235,0.35412276,0.350201845,0.33843501
2012,,193,0.355740135,0.35503788,0.349683825,0.334531685
2012,,194,0,0,0,0
2012,,195,0,0,0,0
2012,,196,0.35657801,0,0,0.337146
2012,,197,0,0,0,0
2012,,198,0.356648855,0.363758361,0.35205433,0.33718639
2012,,199,0,0,0,0
2012,,200,0.354213291,0,0.3513159,0.337606334
2012,,201,0,0,0,0
2012,,202,0.356185262,0.35515044,0.353204698,0.3357428
2012,,203,0,0,0,0
2012,,204,0.352334156,0.35858962,0.350573536,0.336198312
2012,,205,0.353284268,0.35100767,0.34916994,0.33346024
2012,,206,0.352641012,0.353244334,0.349538552,0.333743005
2012,,207,0.354647508,0.35877529,0.352048548,0.334692002
2012,,208,0.34862375,0.32607296,0.35038477,0.33455201
2012,,209,0.353079991,0.310875291,0.353142119,0.332888944
2012,,210,0.355497385,0.357649866,0.352916168,0.334334508
2012,,211,0.354130028,0.29874767,0.353159864,0.330549976
2012,,212,0.352914821,0.360987032,0.352029637,0.333555616
2012,,213,0,0,0,0
2012,,214,0.350028733,0.361751301,0.35345824,0.33501906
2012,,215,0,0,0,0
2012,,216,0,0,0,0
2012,,217,0.34902765,0.36138288,0.353394345,0.33659676
2012,,218,0.347406081,0.362210655,0.3542304,0.336186045
2012,,219,0.34846854,0.361185378,0.353788444,0.336629748
2012,,220,0.338489576,0.364321402,0.35325983,0.334183809
2012,,221,0.34076378,0.36598197,0.35373718,0.33423156
2012,,222,0.3391106,0.364281831,0.353084311,0.333744618
2012,,223,0.33499512,0.36653993,0.35208985,0.33277628
2012,,224,0.337014652,0.365364972,0.354840676,0.33546642
2012,,225,0.336646904,0.361924386,0.355274508,0.334957298
2012,,226,0.335870356,0.360561644,0.354788252,0.33488224
2012,,227,0.336559493,0.364799262,0.352329526,0.333892075
2012,,228,0.335718421,0.363199513,0.352876479,0.33898629
2012,,229,0.33595701,0.363980141,0.354509745,0.34226158
2012,,230,0.335158059,0.362121843,0.352232521,0.339037804
2012,,231,0.332793616,0.369009735,0.350987001,0.337568453
2012,,232,0.332676284,0.363989336,0.351816036,0.345210388
2012,,233,0.332905556,0.361029468,0.349238752,0.344459268
2012,,234,0.332674864,0.36512664,0.350998533,0.338986417
2012,,235,0.330080768,0.365420543,0.354651322,0.333909712
2012,,236,0.331393371,0.364664428,0.355849406,0.333643904
2012,,237,0.330138696,0.364641139,0.35378901,0.33471274
2012,,238,0.330699295,0.364752604,0.354354116,0.334253455
2012,,239,0.331847206,0.36900772,0.354607179,0.335061576
2012,,240,0.331517081,0.369488294,0.353993626,0.335191115
2012,,241,0.33250263,0.36804716,0.35456356,0.335772482
2012,,242,0.331356238,0.370262389,0.353814808,0.336061936
2012,,243,0.331557888,0.369537152,0.353736408,0.332735346
2012,,244,0.331878511,0.366808064,0.354336363,0.335557355
2012,,245,0.33244464,0.369213936,0.354411689,0.334583746
2012,,246,0.332832891,0.370245136,0.353602175,0.335120087
2012,,247,0.33241418,0.370954404,0.352583986,0.335533224
2012,,248,0.332123842,0.3695744,0.351585976,0.335091918
2012,,249,0.332599519,0.36985048,0.353558088,0.33624008
2012,,250,0.332616751,0.36910403,0.353996793,0.338405295
2012,,251,0.331045374,0.367600459,0.35233798,0.337707021
2012,,252,0.332156092,0.370311757,0.352876454,0.338061482
2012,,253,0.331067552,0.367961739,0.3508725,0.339125096
2012,,254,0.330545546,0.368398406,0.350884918,0.338624369
2012,,255,0.32914674,0.36655561,0.347877635,0.34193845
2012,,256,0.33069324,0.368504575,0.349295009,0.34178272
2012,,257,0.3299342,0.367926284,0.348938828,0.342707644
2012,,258,0.331027352,0.363126286,0.349833744,0.3453239
2012,,259,0.331912883,0.363940908,0.349525515,0.346043625
2012,,260,0.332568476,0.362424875,0.350320694,0.348595424
2012,,261,0.3319124,0.362763426,0.348808412,0.350158072
2012,,262,0.331539052,0.361387106,0.348996972,0.35235738
2012,,263,0.331786223,0.363700748,0.34848916,0.353163666
2012,,264,0.331054012,0.371229127,0.348920336,0.357617964
2012,,265,0.333175252,0.355337794,0.3501249,0.354697048
2012,,266,0.327698168,0.36257262,0.3484395,0.3586573
2012,,267,0.33092584,0.36270502,0.348914692,0.360267968
2012,,268,0.32915376,0.354078032,0.34915655,0.3573964
2012,,269,0.33193224,0.362127686,0.348839546,0.357054
2012,,270,0.332127384,0.36255376,0.34930575,0.35936397
2012,,271,0.331865111,0.36345485,0.349810424,0.360995199
2012,,272,0.33255795,0.364343399,0.346127798,0.361645614
2012,,273,0.332784802,0.365388764,0.348328602,0.363458392
2012,,274,0.33075246,0.363676454,0.348427902,0.365310641
2012,,275,0.33339011,0.366244759,0.344714743,0.364584151
2012,,276,0.336075357,0.36258175,0.348374338,0.366798986
2012,,277,0.335588115,0.361711895,0.346643582,0.364811276
2012,,278,0.33521429,0.358869768,0.34491244,0.3639266
2012,,279,0.335123644,0.3646606,0.34673545,0.36683246
2012,,280,0.3353933,0.36243016,0.344182427,0.367150008
2012,,281,0.3375513,0.362619717,0.342283781,0.366022658
2012,,282,0,0,0,0.345595135
2012,,283,0,0,0,0.34450871
2012,,284,0,0,0,0.345533405
2012,,285,0,0,0,0.342907968
2012,,286,0,0,0,0.354861564
2012,,287,0,0,0,0.346572153
2012,,288,0,0,0,0.34087218
2012,,289,0,0,0,0.349971125
2012,,290,0,0,0,0.350850498
2012,,291,0,0,0,0.344345699
2012,,292,0,0,0,0.333210237
2012,,293,0,0,0,0.346710264
2012,,294,0,0,0,0.355076143
2012,,295,0,0,0,0.35143041
2012,,296,0,0,0,0.351564605
2012,,297,0,0,0,0.356860478
2012,,298,0,0,0,0.344388083
2012,,299,0,0,0,0.362053515
2012,,300,0,0,0,0.3541954
2012,,301,0,0,0,0.360475689
2012,,302,0,0,0,0.363669584
2012,,303,0,0,0,0.357440107
2012,,304,0,0,0,0.348372303
2012,,305,0,0,0,0.366762444
2012,,306,0.333893045,0.36356607,0.34082085,0.36079609
2012,,307,0,0,0,0.36016933
2012,,308,0.335624532,0.363939954,0.340141664,0.360095082
2012,,309,0.334611542,0.361060476,0.34265625,0.357101208
2012,,310,0.336005816,0.36135373,0.341456116,0.358583947
2012,,311,0.334951185,0.364162164,0.342002291,0.361918559
2012,,312,0.338323515,0.364541761,0.344621111,0.358317688
2012,,313,0.335427099,0.361627976,0.342310706,0.35523132
2012,,314,0.335108093,0.35962058,0.340484677,0.358440239
2012,,315,0.335076716,0.361259552,0.341692146,0.35593592
2012,,316,0.33389597,0.36166861,0.340211275,0.35308378
2012,,317,0.335464344,0.360772442,0.343296276,0.355757908
2012,,318,0.333456052,0.362285556,0,0.353196258
2012,,319,0.334169081,0.360705312,0.33810236,0.353966564
2012,,320,0.335977494,0.361478287,0,0.355542132
2012,,321,0.33431002,0.361902046,0.3408153,0.355681728
2012,,322,0.335605048,0.361815789,0.341859402,0.35846294
2012,,323,0.334301474,0.360856064,0.340679352,0.35581754
2012,,324,0.334894722,0.363110323,0.341862249,0.355591538
2012,,325,0.33613795,0.36152555,0.342099598,0.356195075
2012,,326,0.3356867,0.362930253,0.342510186,0.35566347
2012,,327,0.334898497,0.362002714,0.343015375,0.356425756
2012,,328,0.334876926,0.362397269,0.342118898,0.356668808
2012,,329,0.336089151,0.362605159,0.34390116,0.35471895
2012,,330,0.336356549,0.361213441,0.342932445,0.355817796
2012,,331,0.33679655,0.362874548,0.343556349,0.357673865
2012,,332,0.337512565,0.364671325,0.342397215,0.358843885
2012,,333,0.33684685,0.36326467,0.343037285,0.358043525
2012,,334,0.336861538,0.36427742,0.34274475,0.354802105
2012,,335,0.336881145,0.362542495,0.34348931,0.356803736
2012,,336,0.33634324,0.362057544,0.342858938,0.35575089
2012,,337,0.3371907,0.359867,0.344961308,0.3558132
2012,,338,0.339107632,0.362326232,0.345306444,0.356327627
2012,,339,0.337188997,0.364794015,0.343184893,0.354273195
2012,,340,0.33624693,0.361663439,0.343451268,0.355287461
2012,,341,0.339897495,0.361036425,0.343652396,0.356668026
2012,,342,0.338449136,0.362875652,0.341941532,0.354778618
2012,,343,0.33967232,0.359120543,0.341398183,0.362229856
2012,,344,0.33706054,0.366689112,0.34223611,0.357148674
2012,,345,0.339074998,0.361374953,0.340002425,0.359102447
2012,,346,0.338483683,0.366063645,0.343300612,0.351002156
2012,,347,0.340661876,0.363909073,0.340426934,0.358784001
2012,,348,0.340324165,0.361985081,0.342444909,0.352606304
2012,,349,0.340205892,0.362670081,0.341551191,0.360357361
2012,,350,0.341604175,0.356866818,0.340044291,0.358268556
2012,,351,0.340875378,0.364414492,0.340214543,0.356288271
2012,,352,0.340955456,0.363146518,0.337637624,0.36184522
2012,,353,0.340483388,0.362232296,0.339997219,0.355080984
2012,,354,0.341578588,0.35858786,0.33898494,0.35595182
2012,,355,0.343956116,0.36044552,0.340145568,0.356018374
2012,,356,0.343200942,0.361177323,0.340759291,0.355772914
2012,,357,0.344476538,0.360602188,0.339434042,0.35704136
2012,,358,0.34379637,0.36553729,0.338995656,0.357226118
2012,,359,0.344370639,0.360949256,0.337605495,0.356293911
2012,,360,0.344460544,0.36608926,0.33913785,0.361000486
2012,,361,0.343372921,0.363902083,0.337794168,0.357727185
2012,,362,0.346931701,0.359352296,0.33851685,0.357536952
2012,,363,0.345100782,0.360971748,0.338315318,0.357540827
2012,,364,0.346596377,0.358186396,0.33901072,0.358610456
2012,,365,0.346849094,0.360960662,0.33864645,0.358228604
2013,,1,0.345404762,0.364026642,0.33783066,0.358548128
2013,,2,0.345969772,0.3670053,0.34011167,0.36342925
2013,,3,0.348483559,0.360809664,0.338936804,0.359887328
2013,,4,0.34669252,0.3642617,0.33982313,0.3624609
2013,,5,0.350032515,0.359948726,0.340638984,0.3597677
2013,,6,0.349052881,0.35849887,0.33979002,0.35899583
2013,,7,0.350862663,0.36789075,0.343389409,0.364957541
2013,,8,0.3506809,0.359120764,0.33741937,0.359216024
2013,,9,0.34971447,0.36438525,0.33834416,0.36140046
2013,,10,0.350150348,0.36279584,0.339112796,0.36275232
2013,,11,0.350209696,0.363057838,0.33863082,0.3619022
2013,,12,0.351116109,0.359763034,0.339127476,0.360847484
2013,,13,0.351043792,0.35929524,0.341520148,0.36085734
2013,,14,0.351218901,0.360832148,0.338595522,0.358294958
2013,,15,0.350085231,0.359497181,0.338603538,0.357642558
2013,,16,0.351294675,0.36219475,0.33784887,0.3598259
2013,,17,0.350714164,0.36276122,0.338529616,0.363505908
2013,,18,0.35433295,0.360745922,0.3381637,0.35876727
2013,,19,0.352236002,0.360873252,0.339059896,0.357873479
2013,,20,0.34588996,0.36147958,0.33874982,0.3589704
2013,,21,0.348687556,0.360908888,0.340347644,0.35852306
2013,,22,0.34847374,0.36264779,0.339925846,0.357868782
2013,,23,0.348250026,0.3631021,0.33951416,0.360014848
2013,,24,0.35125961,0.370944944,0.338061288,0.3612342
2013,,25,0.347595814,0.36052183,0.339661784,0.359520364
2013,,26,0.356329324,0.360830226,0.33929614,0.359969696
2013,,27,0.348439775,0.360587014,0.339610624,0.36052272
2013,,28,0.349828876,0.367483877,0.338771962,0.362610752
2013,,29,0.349805705,0.36216559,0.338649286,0.35981753
2013,,30,0.349364116,0.360897674,0.33805872,0.359966024
2013,,31,0.348801076,0.36056165,0.33854195,0.358254849
2013,,32,0.35178378,0.36116653,0.339887656,0.35776418
2013,,33,0.3593687,0.362931442,0.3392846,0.35870636
2013,,34,0.354909484,0.36292607,0.3364158,0.3646587
2013,,35,0.35784888,0.359595059,0.340009403,0.361735762
2013,,36,0.356281144,0.359743202,0.338795867,0.360004566
2013,,37,0.3511823,0.361004837,0.338533251,0.358524991
2013,,38,0.35645293,0.364078347,0.338365165,0.36110815
2013,,39,0.355393728,0.360963409,0.338910211,0.35908146
2013,,40,0.3558786,0.361777394,0.340000983,0.364370668
2013,,41,0.357200362,0.359115706,0.338936787,0.360633434
2013,,42,0.355978058,0.362966214,0.339045894,0.362028659
2013,,43,0.35494443,0.365450361,0.337965893,0.359521224
2013,,44,0.353359596,0.366459097,0.33923301,0.357775798
2013,,45,0.3518243,0.364495261,0.340309672,0.358747616
2013,,46,0.351352722,0.357385739,0.340742119,0.35962381
2013,,47,0.3561073,0.364150568,0.339760906,0.358378674
2013,,48,0.35697498,0.363445782,0.336577126,0.359695835
2013,,49,0.351998268,0.362018558,0.339526489,0.35773809
2013,,50,0.352608119,0.364226097,0.338938478,0.3589641
2013,,51,0.35259762,0.361605694,0.338405021,0.358770792
2013,,52,0.352696471,0.365697492,0.339454924,0.35758448
2013,,53,0.352091556,0.363119861,0.338249267,0.3578792
2013,,54,0.352267188,0.360103844,0.339898171,0.357694929
2013,,55,0.354900356,0.362895676,0.338701409,0.358144448
2013,,56,0.352981654,0.368179414,0.33736238,0.359210136
2013,,57,0.353238808,0.363641922,0.338350758,0.358054012
2013,,58,0.353032668,0.366126626,0.340695277,0.357213148
2013,,59,0.352199424,0.36737408,0.338621043,0.35762626
2013,,60,0.353260058,0.365312453,0.339489223,0.35699904
2013,,61,0.354484322,0.364896957,0.340093088,0.357509397
2013,,62,0.353376168,0.363724367,0.339207629,0.355715365
2013,,63,0.353044744,0.36705111,0.339055913,0.35599593
2013,,64,0.353332394,0.362807729,0.338255519,0.35474669
2013,,65,0.35366634,0.366171173,0.339566653,0.354835812
2013,,66,0.355377056,0.365027622,0.337767992,0.354017926
2013,,67,0.353154677,0.360398948,0.339076498,0.354413276
2013,,68,0.352220999,0.363267756,0.338544794,0.353809986
2013,,69,0.354740109,0.368320274,0.336598989,0.354402941
2013,,70,0.355141741,0.365892242,0.337879662,0.353925704
2013,,71,0.356279052,0.36884784,0.339653331,0.3530321
2013,,72,0.352415009,0.371817306,0.338628867,0.352237908
2013,,73,0.353023049,0.370285607,0.33987356,0.352346288
2013,,74,0.353219222,0.36859815,0.341065682,0.351290795
2013,,75,0.353141347,0.368403263,0.340180596,0.353163008
2013,,76,0.353415756,0.367343931,0.339453332,0.35211902
2013,,77,0.353367773,0.371359491,0.339413032,0.35137153
2013,,78,0.356376118,0.368702183,0.338965346,0.350979641
2013,,79,0.353251164,0.365678081,0.340405516,0.35060447
2013,,80,0.353751854,0.368217663,0.339135193,0.349156024
2013,,81,0.355427563,0.363308472,0.338157594,0.351854705
2013,,82,0.356744245,0.367898046,0.339098075,0.348734919
2013,,83,0.353698857,0.36160704,0.336810939,0.353043685
2013,,84,0.354296895,0.372119813,0.338681108,0.35365334
2013,,85,0.355407424,0.367903664,0.335876966,0.354284092
2013,,86,0.356558567,0.367393734,0.340333759,0.351449238
2013,,87,0.355010214,0.368495576,0.338655596,0.351392256
2013,,88,0.35296567,0.370607615,0.338048419,0.34663521
2013,,89,0.357223845,0.370912601,0.338518818,0.346959384
2013,,90,0.35764121,0.370315531,0.339327281,0.345199057
2013,,91,0.353784918,0.368606981,0.339380964,0.343119218
2013,,92,0.355196209,0.366107578,0.3389326,0.34445557
2013,,93,0.353386849,0.369182145,0.338429245,0.344499848
2013,,94,0.356807527,0.371186788,0.337135826,0.345853265
2013,,95,0.358649372,0.368378199,0.33847674,0.342641304
2013,,96,0.353547413,0.370766136,0.339290549,0.34311714
2013,,97,0.35481206,0.367917321,0.337998269,0.34337168
2013,,98,0.354843753,0.37525542,0.3395124,0.343925632
2013,,99,0.358205462,0.369066948,0.338175486,0.34383132
2013,,100,0.355161132,0.368208592,0.337356381,0.34230684
2013,,101,0.353991065,0.37538296,0.33778265,0.342739052
2013,,102,0.35643524,0.36738162,0.33863879,0.34443635
2013,,103,0.355155512,0.378535688,0.34100682,0.344621264
2013,,104,0.359076252,0.36789752,0.3388649,0.34324113
2013,,105,0.357702934,0.374206916,0.343123404,0.3453521
2013,,106,0.357198183,0.368788374,0.341609052,0.344935236
2013,,107,0.355214056,0.370779116,0.33850894,0.34665095
2013,,108,0.355814952,0.373025372,0.338947256,0.34687942
2013,,109,0.355121709,0.368711998,0.340303825,0.357809407
2013,,110,0.352783823,0.374182617,0.338498451,0.357705283
2013,,111,0.356722564,0.369458351,0.337932347,0.354766524
2013,,112,0.353435176,0.37674891,0.340900638,0.360102579
2013,,113,0.355434393,0.370623934,0.33870342,0.355380043
2013,,114,0.356030097,0.374678054,0.341265734,0.357948088
2013,,115,0.35494981,0.371157862,0.339046807,0.360466722
2013,,116,0.356500177,0.362894023,0.341404419,0.354573581
2013,,117,0.35476115,0.36773158,0.339186174,0.35750287
2013,,118,0.35369897,0.369784325,0.337418352,0.354172421
2013,,119,0.355771112,0.372753683,0.339255344,0.356362763
2013,,120,0.353759897,0.365082406,0.339281692,0.359883552
2013,,121,0.356789876,0.374824441,0.341230892,0.35569219
2013,,122,0.353942677,0.371335821,0.338679266,0.352860876
2013,,123,0.355409561,0.367429053,0.341989813,0.354235656
2013,,124,0.353842307,0.365680709,0.341655866,0.354048965
2013,,125,0.349539366,0.365775348,0.338175472,0.361441512
2013,,126,0.35173269,0.371828864,0.338103135,0.352970029
2013,,127,0.352584155,0.37457684,0.338137231,0.355670886
2013,,128,0.353737918,0.366751909,0.341196815,0.350214135
2013,,129,0.349915156,0.368952851,0.343008886,0.349660683
2013,,130,0.354390514,0.374077726,0.340388605,0.355728257
2013,,131,0.352410836,0.370031177,0.340649849,0.358291696
2013,,132,0.350850509,0.378685254,0.342749906,0.357109563
2013,,133,0.349770562,0.375798291,0.340912087,0.341073116
2013,,134,0.349685137,0.372602295,0.344365058,0.357262932
2013,,135,0.352176567,0.371312527,0.343401768,0.35343353
2013,,136,0.353123403,0.372337013,0.341830683,0.349683918
2013,,137,0.349254873,0.371069058,0.341703335,0.349654713
2013,,138,0.350281296,0.372389308,0.342241479,0.345416201
2013,,139,0.35246811,0.373735452,0.342601149,0.355336253
2013,,140,0.350543215,0.375905208,0.342054341,0.352080663
2013,,141,0.354357326,0.368242788,0.342152259,0.339882354
2013,,142,0.352845663,0.366243234,0.34430919,0.34762402
2013,,143,0.351350555,0.372504474,0.341011895,0.359117169
2013,,144,0.350506206,0.372144036,0.340577691,0.348785331
2013,,145,0.350797038,0.375456611,0.343461379,0.360524792
2013,,146,0.349781986,0.369652149,0.342727052,0.358927727
2013,,147,0.350642172,0.373577307,0.344176034,0.35265918
2013,,148,0.351297847,0.373216849,0.342992972,0.349163228
2013,,149,0.351654134,0.375280806,0.34407403,0.348911268
2013,,150,0.348163205,0.370232923,0.344051514,0.351986159
2013,,151,0.346989795,0.368742153,0.34460848,0.346949656
2013,,152,0.349523113,0.368048458,0.342539946,0.355711717
2013,,153,0.349497139,0.373026299,0.34198246,0.351749452
2013,,154,0.35081114,0.371081999,0.342333313,0.335929323
2013,,155,0.347558759,0.379305394,0.345029863,0.337498858
2013,,156,0.349425838,0.379851439,0.343773564,0.353792659
2013,,157,0.349085698,0.370866544,0.346751141,0.349646197
2013,,158,0.350025893,0.366742907,0.347105538,0.357550548
2013,,159,0.34768986,0.369795377,0.343781673,0.354681368
2013,,160,0.346899977,0.372918361,0.34207286,0.35776998
2013,,161,0.346143921,0.368207273,0.34468097,0.352972481
2013,,162,0.347846673,0.37631024,0.344801523,0.35437527
2013,,163,0.347143769,0.36892924,0.343287329,0.347081448
2013,,164,0.350858043,0.371985811,0.345743583,0.355573865
2013,,165,0.350911098,0.383284255,0.343764379,0.347342199
2013,,166,0.346677214,0.365919345,0.344944488,0.339368228
2013,,167,0.344800639,0.37575884,0.349026319,0.345419676
2013,,168,0.345144326,0.371440146,0.342520633,0.34454309
2013,,169,0.347155352,0.374232714,0.347221864,0.354596889
2013,,170,0.344744636,0.367694454,0.345787436,0.331417372
2013,,171,0.348742804,0.373490175,0.346536717,0.350831728
2013,,172,0.344741095,0.370827636,0.343789947,0.335902222
2013,,173,0.346013167,0.368012459,0.346479989,0.345811252
2013,,174,0.351164736,0.374408941,0.34535765,0.341374721
2013,,175,0.343204924,0.373188705,0.344446846,0.358188582
2013,,176,0.346788591,0.376210948,0.347285376,0.346845447
2013,,177,0.344591757,0.366791156,0.346220619,0.349697925
2013,,178,0.346005656,0.371483055,0.347591548,0.356351163
2013,,179,0.343216799,0.373121377,0.344315088,0.3328784
2013,,180,0.345314262,0.367645167,0.346276093,0.344049276
2013,,181,0.344142243,0.365750186,0.346530608,0.342657702
2013,,182,0.342671219,0.370206669,0.34493669,0.341102466
2013,,183,0.345072498,0.367645709,0.344740449,0.340979629
2013,,184,0.345015854,0.373411475,0.346345961,0.33745571
2013,,185,0.346082492,0.366825078,0.345181743,0.343230664
2013,,186,0.341545042,0.372431412,0.347698364,0.340447066
2013,,187,0.343383725,0.372307141,0.344747508,0.343196921
2013,,188,0.344423781,0.372320926,0.347336072,0.346812021
2013,,189,0.341444839,0.371180895,0.347644104,0.361780371
2013,,190,0.339994391,0.373146502,0.347428731,0.343098315
2013,,191,0.341993291,0.371673408,0.347273552,0.349812603
2013,,192,0.341026777,0.369926121,0.347717113,0.341788766
2013,,193,0.343139815,0.369123942,0.347846689,0.339597422
2013,,194,0.340728979,0.372598757,0.346740738,0.340275768
2013,,195,0.342602862,0.372413646,0.346893916,0.338447333
2013,,196,0.342073477,0.365783104,0.348235706,0.323897645
2013,,197,0.342312579,0.375454877,0.348338595,0.344961474
2013,,198,0.341428372,0.37340571,0.345922765,0.32728872
2013,,199,0.342647166,0.375063555,0.349967938,0.337366745
2013,,200,0.341064491,0.3673702,0.348698547,0.34934224
2013,,201,0.340882703,0.368891758,0.349715459,0.347642834
2013,,202,0.339882368,0.377092712,0.346497352,0.347674076
2013,,203,0.341330646,0.370707501,0.347694824,0.348707874
2013,,204,0.340981252,0.37255637,0.350779644,0.337168352
2013,,205,0.337967116,0.378245013,0.348342215,0.33563472
2013,,206,0.341532721,0.372157615,0.349415181,0.348444204
2013,,207,0.34141206,0.371880791,0.351454434,0.34191321
2013,,208,0.341501847,0.374624056,0.349519293,0.335057125
2013,,209,0.33872012,0.370963398,0.349216838,0.339116183
2013,,210,0.338344451,0.371072535,0.350267225,0.347418079
2013,,211,0.341874899,0.368707158,0.348953708,0.359358455
2013,,212,0.339213808,0.375150647,0.349326782,0.338415298
2013,,213,0.339343602,0.374407409,0.348439766,0.337363729
2013,,214,0.341973166,0.377211921,0.351121203,0.330857997
2013,,215,0.338732622,0.374388504,0.35086792,0.341847282
2013,,216,0.339029366,0.374955915,0.352262461,0.336703603
2013,,217,0.340196928,0.369525426,0.350891111,0.334588574
2013,,218,0.338574876,0.371394692,0.351518028,0.357480125
2013,,219,0.337981611,0.367240665,0.349472484,0.329624838
2013,,220,0.337042472,0.371000787,0.350112623,0.336864681
2013,,221,0.339229444,0.372114275,0.349014691,0.349389503
2013,,222,0.338920424,0.370590737,0.350189039,0.349705533
2013,,223,0.339355111,0.36986507,0.350733584,0.330408621
2013,,224,0.33899746,0.369522397,0.350339759,0.331741968
2013,,225,0.33829899,0.37988839,0.35029702,0.343408578
2013,,226,0.336164048,0.36804048,0.350141061,0.347939377
2013,,227,0.337199317,0.366229541,0.354126274,0.335318476
2013,,228,0.334376079,0.375690854,0.349806821,0.332082157
2013,,229,0.336678118,0.369078932,0.349420203,0.35025199
2013,,230,0.336905374,0.370437689,0.352848143,0.344803569
2013,,231,0.335910582,0.367799811,0.350501451,0.333456385
2013,,232,0.335069935,0.374986843,0.351145218,0.324901327
2013,,233,0.335172296,0.378530313,0.350297667,0.32382275
2013,,234,0.3391424,0.368894572,0.353076871,0.343164909
2013,,235,0.337198188,0.372958284,0.351272814,0.336461124
2013,,236,0.3399766,0.37361958,0.351071175,0.33611586
2013,,237,0.3407107,0.373680676,0.35182852,0.33794586
2013,,238,0.337829,0.3741971,0.350589696,0.336086036
2013,,239,0.33793843,0.372844,0.35126665,0.3365598
2013,,240,0.33927944,0.369614777,0.354399746,0.337965967
2013,,241,0.338366772,0.375053188,0.350751692,0.336165728
2013,,242,0.337819628,0.37418968,0.351567722,0.335230652
2013,,243,0.336685462,0.373645412,0.35203846,0.334714282
2013,,244,0.336453825,0.373210108,0.352221378,0.33473698
2013,,245,0.336328984,0.37454007,0.352138814,0.334527222
2013,,246,0.336416528,0.375330608,0.35165978,0.33465234
2013,,247,0.337191752,0.36965355,0.356265066,0.336689546
2013,,248,0.337220648,0.370773914,0.354121634,0.33841738
2013,,249,0.33859734,0.370829366,0.354683242,0.33643708
2013,,250,0.336113,0.376221115,0.35223396,0.333435085
2013,,251,0.33731218,0.376915428,0.353069484,0.334130856
2013,,252,0.336149556,0.373660116,0.353317,0.333277872
2013,,253,0.336146955,0.373518752,0.352541479,0.334378963
2013,,254,0.336137665,0.372158499,0.352715375,0.334062098
2013,,255,0.335658021,0.373573224,0.351644105,0.334405781
2013,,256,0.33627987,0.3704414,0.3532363,0.33452895
2013,,257,0.335588061,0.37013409,0.352548823,0.334381474
2013,,258,0.33504337,0.37301108,0.35217932,0.33419278
2013,,259,0.33527568,0.3705519,0.35216486,0.3353151
2013,,260,0.333929616,0.369819347,0.351362756,0.335373683
2013,,261,0.333390616,0.372853084,0.356346296,0.342464664
2013,,262,0.333482516,0.366781016,0.352524704,0.338747036
2013,,263,0.335309328,0.36718042,0.352285814,0.338712864
2013,,264,0.335165092,0.37038318,0.3539592,0.33849654
2013,,265,0.33580397,0.368229835,0.354019349,0.340161779
2013,,266,0.33300244,0.367070415,0.350898297,0.34112629
2013,,267,0.332660642,0.3659293,0.34839244,0.34133469
2013,,268,0.33407316,0.36320457,0.34894514,0.3437173
2013,,269,0.335488,0.36835012,0.34853476,0.34345207
2013,,270,0.333036684,0.36506986,0.345853074,0.346221224
2013,,271,0.333880605,0.372403181,0.35410074,0.337880555
2013,,272,0.336450698,0.372574364,0.350376766,0.335441333
2013,,273,0.337318141,0.368735292,0.351030401,0.338002651
2013,,274,0.335112617,0.373021493,0.35131072,0.340695484
2013,,275,0.336444362,0.373316601,0.347711231,0.335603457
2013,,276,0.335886392,0.371614968,0.351282067,0.334913332
2013,,277,0.337974265,0.369020928,0.351674392,0.340645901
2013,,278,0.340179719,0.373881298,0.350176979,0.343279889
2013,,279,0.335073926,0.37054071,0.347567215,0.337063583
2013,,280,0.338261959,0.369616369,0.351531014,0.333083028
2013,,281,0.336960929,0.371493903,0.349036733,0.344333859
2013,,282,0.332721842,0.372584975,0.34805118,0.341695405
2013,,283,0.336091233,0.372789758,0.349070277,0.340676647
2013,,284,0.33845481,0.370739815,0.350087439,0.345392843
2013,,285,0.337534313,0.371947643,0.349655236,0.344596308
2013,,286,0.332006928,0.370275047,0.348166647,0.343379921
2013,,287,0.339205149,0.364736201,0.34856575,0.350331844
2013,,288,0.338637242,0.367579519,0.347312793,0.346497343
2013,,289,0.336573116,0.374678522,0.343744655,0.351138477
2013,,290,0.336282348,0.373946909,0.345471645,0.344331381
2013,,291,0.342376382,0.370344951,0.349747086,0.346357085
2013,,292,0.33808947,0.369125514,0.349140819,0.34551198
2013,,293,0.337877755,0.371862338,0.346814087,0.347109994
2013,,294,0.335730405,0.366630798,0.345886791,0.359903736
2013,,295,0.334893973,0.373152297,0.347058856,0.354299899
2013,,296,0.333287748,0.370136763,0.343833023,0.353485008
2013,,297,0.336617245,0.366037691,0.347347167,0.359319953
2013,,298,0.342605878,0.369998971,0.345275307,0.344497289
2013,,299,0.343569445,0.366809997,0.343090157,0.343478964
2013,,300,0.342502069,0.372312767,0.345214763,0.359823066
2013,,301,0.341714162,0.366965353,0.343185341,0.352891893
2013,,302,0.338443881,0.36324837,0.345956835,0.35882744
2013,,303,0.334864614,0.376136967,0.342925345,0.35351765
2013,,304,0.338637434,0.370958659,0.340727361,0.356527113
2013,,305,0.336224282,0.370245348,0.340659084,0.35844228
2013,,306,0.33823872,0.3693445,0.34251153,0.36034945
2013,,307,0.33744523,0.368682958,0.342758727,0.35947836
2013,,308,0.337697999,0.367396021,0.343264308,0.356921851
2013,,309,0.3491659,0.37019047,0.34648794,0.3669915
2013,,310,0.348568197,0.36882812,0.34122428,0.360284278
2013,,311,0.3488357,0.3707619,0.34661847,0.36560738
2013,,312,0.346675984,0.368619044,0.34251602,0.35815393
2013,,313,0.341062346,0.3673545,0.344911644,0.362526623
2013,,314,0.338960892,0.36924344,0.343227822,0.355952032
2013,,315,0.33789675,0.368937095,0.34369615,0.35417876
2013,,316,0.336389,0.36861114,0.344313928,0.35376594
2013,,317,0.336667294,0.369852342,0.342208246,0.355890636
2013,,318,0.33764448,0.37009463,0.34374137,0.354935822
2013,,319,0.336564946,0.36896284,0.342782588,0.35462193
2013,,320,0.336693548,0.368318296,0.34435154,0.3538641
2013,,321,0.344130958,0.371734788,0.342312623,0.35632002
2013,,322,0.347057858,0.371772734,0.34342057,0.358374464
2013,,323,0.343555495,0.36819667,0.343605475,0.35437562
2013,,324,0.335525488,0.36700422,0.34372806,0.35229182
2013,,325,0.336820791,0.367212591,0.34349483,0.352441202
2013,,326,0.3352102,0.3676039,0.3429841,0.35142732
2013,,327,0.3449603,0.37250745,0.34527987,0.3596059
2013,,328,0.34680557,0.370014438,0.345036667,0.35767516
2013,,329,0.344095445,0.369150145,0.345112717,0.35736137
2013,,330,0.34397912,0.3686704,0.34271863,0.35483617
2013,,331,0.33522109,0.367653024,0.34414283,0.356657812
2013,,332,0.337107948,0.370049976,0.347402604,0.357379
2013,,333,0.33544394,0.369048744,0.34560894,0.353595552
2013,,334,0.3356838,0.36823738,0.34389687,0.3503257
2013,,335,0.34699333,0.36751506,0.34368816,0.35256302
2013,,336,0.3473259,0.37178493,0.3444284,0.35532835
2013,,337,0.34915653,0.3720038,0.3469164,0.35912424
2013,,338,0.339586251,0.367863434,0.346330846,0.356868626
2013,,339,0.33784635,0.368629276,0.34560575,0.35230672
2013,,340,0.33869063,0.36878947,0.34377228,0.3524608
2013,,341,0.34754768,0.36856014,0.338709938,0.35651076
2013,,342,0.338091516,0.368702184,0.340253444,0.355017244
2013,,343,0.348765906,0.367594832,0.343079275,0.355848947
2013,,344,0.338221939,0.364557503,0.344224698,0.352859629
2013,,345,0.3472667,0.3659116,0.3428596,0.3578295
2013,,346,0.350358262,0.368038827,0.345867319,0.359026587
2013,,347,0.33847326,0.365393535,0.342380665,0.35343224
2013,,348,0.3384107,0.36320919,0.343326326,0.35189358
2013,,349,0.336410881,0.364826568,0.339313648,0.352084316
2013,,350,0.3387261,0.3669698,0.34055224,0.35469413
2013,,351,0.34362036,0.36561057,0.34272724,0.3566349
2013,,352,0.342497781,0,0.343816419,0
2013,,353,0.337657818,0,0.344245845,0
2013,,354,0.338187667,0,0.343504359,0
2013,,355,0.337980623,0,0.344867122,0
2013,,356,0.340499563,0,0.344433533,0
2013,,357,0.336039791,0,0.34318492,0
2013,,358,0.340765676,0,0.342698735,0
2013,,359,0.340275761,0,0.344382766,0
2013,,360,0.341289504,0,0.345627776,0
2013,,361,0.340416283,0,0.344589459,0
2013,,362,0.342290333,0,0.342496144,0
2013,,363,0.34206958,0,0.342927883,0
2013,,364,0.340628214,0,0.345202756,0
2013,,365,0.339588465,0.36515656,0.340189068,0.356122456
2014,,1,0.342649987,0,0.345882348,0
2014,,2,0.344811488,0.364769341,0.341597636,0.3556299
2014,,3,0.343929948,0.363699728,0.343032858,0.356336006
2014,,4,0.340742137,0.365335907,0.343931372,0.3566239
2014,,5,0.341791984,0.365640935,0.343727475,0.357112182
2014,,6,0.34506768,0.367154288,0.342449392,0.355724788
2014,,7,0.337482434,0.365659582,0.341435295,0.355914002
2014,,8,0.346387534,0.366894605,0.343141238,0.357336275
2014,,9,0.339864594,0.367587823,0.342859532,0.358326761
2014,,10,0.342967011,0.36841361,0.344006101,0.35796043
2014,,11,0.344666412,0.36618866,0.34102197,0.35615962
2014,,12,0.344162041,0.365394348,0.340844146,0.356075688
2014,,13,0.342223168,0.36555746,0.341607694,0.357089245
2014,,14,0.341535383,0.348449743,0.341729578,0.3562302
2014,,15,0.344021454,0.368396897,0.342193011,0.35596139
2014,,16,0.343675843,0.366300951,0.340522625,0.355739882
2014,,17,0.346037689,0.362989791,0.342167517,0.355945128
2014,,18,0.341286466,0.365888707,0.341885748,0.357702621
2014,,19,0.341795357,0.366356133,0.343483416,0.356806786
2014,,20,0.342581126,0.369176255,0.342691315,0.356509749
2014,,21,0.34334119,0.366658528,0.341283596,0.3575519
2014,,22,0.34439762,0.365844681,0.342686476,0.355309156
2014,,23,0.341499564,0.365390579,0.342546268,0.356966047
2014,,24,0.344666073,0.366260012,0.343986879,0.357647698
2014,,25,0.344324939,0.366602275,0.341785604,0.357466408
2014,,26,0.347149191,0.367255791,0.339544409,0.358176713
2014,,27,0.345775276,0.368820529,0.34213228,0.356335484
2014,,28,0.344109668,0.366911095,0.340948841,0.358702266
2014,,29,0.346840651,0.366665501,0.34195455,0.35672001
2014,,30,0.346507335,0.365579537,0.342883438,0.357092218
2014,,31,0.349060098,0.36866843,0.340398841,0.35767621
2014,,32,0.345713395,0.366939413,0.340067792,0.358419411
2014,,33,0.34237514,0.367773547,0.341779994,0.35783989
2014,,34,0.346737048,0.370084857,0.341794673,0.358671576
2014,,35,0.344853691,0.37071216,0.341364061,0.357808768
2014,,36,0.346177655,0.366608798,0.342349997,0.359000927
2014,,37,0.348864757,0.370561339,0.341540048,0.356721363
2014,,38,0.344748543,0.366111961,0.341715168,0.35853627
2014,,39,0.344268195,0.368570182,0.340913902,0.359936102
2014,,40,0.347847625,0.36804402,0.340897521,0.358267134
2014,,41,0.347803866,0.366687424,0.341486357,0.359526644
2014,,42,0.347219141,0.371301403,0.341936467,0.358980273
2014,,43,0.349029356,0.366950641,0.342797725,0.359405643
2014,,44,0.347978748,0.368913379,0.341422658,0.358283296
2014,,45,0.348872195,0.369188429,0.340030157,0.358702914
2014,,46,0.347828456,0.367300857,0.344071682,0.358945026
2014,,47,0.347322336,0.370710154,0.340702314,0.3601047
2014,,48,0.349019525,0.365505188,0.340200826,0.359489371
2014,,49,0.350019766,0.36809748,0.34014388,0.360772108
2014,,50,0.351506623,0.367162388,0.340983103,0.359916029
2014,,51,0.348798276,0.370034139,0.34221928,0.36099495
2014,,52,0.347583057,0.369129345,0.340813454,0.35929773
2014,,53,0.354448842,0.36788283,0.341688904,0.360114569
2014,,54,0.349326757,0.371105716,0.34082189,0.359896533
2014,,55,0.348085003,0.36837773,0.339908817,0.360127161
2014,,56,0.34823761,0.369882149,0.342048213,0.360951091
2014,,57,0.350328308,0.370287695,0.337706389,0.360129343
2014,,58,0.352197728,0.372202402,0.34159622,0.360243996
2014,,59,0.34643774,0.369009038,0.34195924,0.359221776
2014,,60,0.354008276,0.369685865,0.341187214,0.362243306
2014,,61,0.350607392,0.368880762,0.3433747,0.36162647
2014,,62,0.3489276,0.368296674,0.34059978,0.36085147
2014,,63,0.347448523,0.370796618,0.34021972,0.36112913
2014,,64,0.35116637,0.374121311,0.339711437,0.359929873
2014,,65,0.356398602,0.369884821,0.339730441,0.3643723
2014,,66,0.349478595,0.370637697,0.341422324,0.361489696
2014,,67,0.353682476,0.372269516,0.340475358,0.360055807
2014,,68,0.350115455,0.371277397,0.341678596,0.360967912
2014,,69,0.35070848,0.373900079,0.341277448,0.361109667
2014,,70,0.35030344,0.373653821,0.340360516,0.36118919
2014,,71,0.35077354,0.374671655,0.340361252,0.36172345
2014,,72,0.35280976,0.372129477,0.340395298,0.36106953
2014,,73,0.35003502,0.369521399,0.340336658,0.360506904
2014,,74,0.351322692,0.373290834,0.340581436,0.360079126
2014,,75,0.35022827,0.37079104,0.340724143,0.35952237
2014,,76,0.350353255,0.370035137,0.341188332,0.359240055
2014,,77,0.34946635,0.37185349,0.34529634,0.359950775
2014,,78,0.349606009,0.374268773,0.3442466,0.360442524
2014,,79,0.349526716,0.373880742,0.340310501,0.361377202
2014,,80,0.350331488,0.373880808,0.341911772,0.359550482
2014,,81,0.352973552,0.373536755,0.342010844,0.360448808
2014,,82,0.35051072,0.371856551,0.340036531,0.360401228
2014,,83,0.349714414,0.36961566,0.340923748,0.359550682
2014,,84,0.349473278,0.373177739,0.340969147,0.359934358
2014,,85,0.350012,0.37791948,0.343722006,0.359609632
2014,,86,0.34985838,0.372986306,0.34236713,0.359641142
2014,,87,0.349890482,0.370647336,0.342355686,0.359285212
2014,,88,0.349152455,0.372676424,0.341304506,0.361902145
2014,,89,0.349558686,0.372191494,0.342343573,0.360876582
2014,,90,0.353946492,0.373493474,0.342429431,0.363413326
2014,,91,0.353935399,0.373757071,0.34193925,0.36143104
2014,,92,0.349065678,0.375236918,0.344013297,0.359622481
2014,,93,0.350574874,0.374333581,0.345654916,0.362472387
2014,,94,0.349783032,0.372585716,0.342642009,0.360197605
2014,,95,0.348462651,0.374824617,0.344266112,0.358781411
2014,,96,0.350855468,0.375205455,0.345729533,0.359914542
2014,,97,0.351200915,0.377752696,0.345719123,0.358224822
2014,,98,0.349431783,0.372998883,0.346558751,0.360767485
2014,,99,0.349493011,0.374796502,0.345983871,0.360002873
2014,,100,0.351017408,0.376012812,0.348295929,0.358818106
2014,,101,0.350412437,0.374189115,0.345694935,0.358857587
2014,,102,0.351758224,0.375400865,0.344649391,0.360086127
2014,,103,0.35125224,0.375495245,0.346388634,0.358052992
2014,,104,0.352169866,0.375105153,0.344970549,0.358010408
2014,,105,0.350887737,0.374896981,0.345261348,0.358952252
2014,,106,0.349289113,0.37654979,0.346784816,0.35790353
2014,,107,0.350990442,0.376034801,0.347927977,0.359269451
2014,,108,0.34998134,0.37518814,0.34529135,0.35926917
2014,,109,0.35015292,0.373932552,0.348892976,0.358453934
2014,,110,0.35140637,0.37296214,0.3447733,0.3584114
2014,,111,0.34855312,0.37797987,0.34626243,0.35959038
2014,,112,0.34969726,0.3743087,0.34675488,0.35902917
2014,,113,0.352792096,0.37819493,0.34883428,0.361817412
2014,,114,0.350310932,0.37569536,0.349710754,0.360130932
2014,,115,0.3509905,0.374843244,0.34684208,0.358193337
2014,,116,0.35179694,0.374575056,0.347495734,0.35570395
2014,,117,0.349282708,0.378319524,0.344988302,0.358237168
2014,,118,0.3503917,0.37640638,0.348799547,0.354480835
2014,,119,0.349501257,0.374395794,0.346754403,0.35552958
2014,,120,0.34935388,0.371079949,0.344562147,0.35582024
2014,,121,0.350626846,0.373459337,0.345224936,0.35981719
2014,,122,0.351600984,0.374748319,0.346242599,0.354488933
2014,,123,0.350673978,0.37028658,0.344730629,0.352729714
2014,,124,0.35063321,0.378493609,0.34850318,0.361515506
2014,,125,0.350311331,0.37188797,0.345823694,0.358746885
2014,,126,0.35010884,0.372280012,0.345361531,0.361013044
2014,,127,0.348252316,0.37687083,0.348422999,0.356723425
2014,,128,0.350456844,0.370185927,0.344020283,0.357165264
2014,,129,0.352469873,0.375370964,0.347822768,0.358551025
2014,,130,0.351406134,0.373417959,0.347697823,0.354291278
2014,,131,0.349318398,0.374701922,0.348236389,0.352082623
2014,,132,0.350607058,0.375281519,0.34806376,0.364236525
2014,,133,0.350245082,0.37198575,0.347183456,0.355289306
2014,,134,0.349506358,0.372407835,0.348359174,0.357299856
2014,,135,0.351637183,0.368020971,0.344068668,0.356915831
2014,,136,0.349843947,0.371608226,0.346909922,0.362455309
2014,,137,0.350016954,0.373880311,0.348237403,0.355889377
2014,,138,0.351027502,0.373854292,0.346961529,0.351666987
2014,,139,0.350858992,0.37647373,0.348736103,0.350580002
2014,,140,0.351385104,0.373167325,0.349992663,0.362189299
2014,,141,0.350881495,0.373653474,0.34924094,0.368287138
2014,,142,0.349631448,0.372829526,0.348687442,0.355187749
2014,,143,0.35141691,0.37164063,0.347354996,0.345972654
2014,,144,0.351438911,0.373784908,0.349212068,0.352769925
2014,,145,0.350505219,0.373121955,0.348501301,0.363285352
2014,,146,0.350334623,0.372396053,0.348019364,0.342025798
2014,,147,0.35036906,0.370613511,0.347246165,0.371829232
2014,,148,0.352421766,0.371731303,0.34645499,0.348785239
2014,,149,0.350939482,0.373538484,0.352150791,0.354539448
2014,,150,0.352144305,0.373029228,0.349852758,0.350061797
2014,,151,0.351895099,0.370698618,0.347098062,0.3585252
2014,,152,0.351460503,0.370452005,0.349048499,0.357017908
2014,,153,0.350254979,0.372205448,0.347719126,0.336073975
2014,,154,0.349926925,0.373380883,0.351827646,0.355072946
2014,,155,0.350517658,0.371309761,0.347681335,0.353395876
2014,,156,0.350513788,0.370141796,0.34428269,0.357604208
2014,,157,0.351493316,0.369543757,0.349335293,0.341833498
2014,,158,0.350929352,0.370226676,0.349548481,0.336758752
2014,,159,0.350375422,0.367927271,0.34540439,0.354524661
2014,,160,0.351827739,0.369126248,0.345289058,0.34548825
2014,,161,0.349723509,0.372231708,0.346663985,0.349141028
2014,,162,0.351632156,0.372314954,0.349195694,0.34317873
2014,,163,0.351886182,0.368406629,0.344433748,0.34267266
2014,,164,0.352020769,0.370389233,0.347343889,0.34752244
2014,,165,0.351778481,0.370176591,0.348851558,0.348656857
2014,,166,0.351645942,0.367070199,0.348128165,0.343307357
2014,,167,0.352353098,0.371123649,0.348072998,0.349262867
2014,,168,0.350044364,0.366242055,0.346256063,0.341541854
2014,,169,0.35144082,0.367384528,0.347693852,0.342099877
2014,,170,0.352013317,0.371537826,0.352818054,0.362241656
2014,,171,0.351218886,0.368224162,0.346408403,0.347609498
2014,,172,0.352054656,0.368583878,0.345636087,0.333493592
2014,,173,0.353084947,0.365909284,0.343641194,0.348311248
2014,,174,0.352583021,0.36651045,0.348211872,0.344470342
2014,,175,0.352313106,0.369522763,0.349139194,0.364465858
2014,,176,0.351635045,0.368612832,0.350126729,0.353100272
2014,,177,0.352526815,0.367595013,0.348005473,0.33354002
2014,,178,0.352173171,0.366245531,0.348212956,0.345308338
2014,,179,0.351951389,0.366528192,0.348199151,0.346574461
2014,,180,0.351624309,0.371996671,0.351356735,0.351036545
2014,,181,0.351176257,0.367533461,0.347509723,0.334343783
2014,,182,0.354019894,0.369734586,0.352417373,0.351194109
2014,,183,0.352867191,0.369339256,0.34922957,0.358614098
2014,,184,0.35120908,0.376924192,0.347178516,0.345770212
2014,,185,0.35062319,0.37614786,0.34929769,0.346126324
2014,,186,0.350785428,0.3751195,0.348593836,0.34545925
2014,,187,0.351883688,0.374552396,0.347851204,0.345536996
2014,,188,0.351067984,0.371720436,0.349421196,0.345261672
2014,,189,0.354106828,0.37174615,0.349134524,0.344791936
2014,,190,0.351198,0.37577772,0.352783532,0.345823536
2014,,191,0.353165288,0.373573298,0.3501798,0.344388968
2014,,192,0.351803441,0.371665264,0.356790608,0.34784602
2014,,193,0.352554088,0.368732459,0.35077105,0.347001355
2014,,194,0.35218198,0.375467668,0.353468524,0.34820021
2014,,195,0.35195904,0.37133841,0.35130433,0.34748639
2014,,196,0.3510605,0.372168132,0.35143786,0.346825836
2014,,197,0.352119348,0.373755614,0.349751224,0.345954778
2014,,198,0.35132813,0.370413712,0.351240996,0.345618332
2014,,199,0.351618388,0.370079306,0.351013816,0.345344104
2014,,200,0.352751234,0.368240386,0.3520401,0.345561446
2014,,201,0.352896116,0.369707212,0.354492552,0.345732536
2014,,202,0.352100476,0.37460822,0.35238182,0.347039146
2014,,203,0.352181909,0.373569916,0.351403012,0.346165268
2014,,204,0.351244236,0.368670903,0.350986454,0.345689606
2014,,205,0.3562297,0.372506442,0.350891384,0.345694312
2014,,206,0.352148912,0.377229956,0.359489362,0.348206385
2014,,207,0.353514671,0.367375716,0.353846184,0.34473062
2014,,208,0.346690465,0.366544812,0.350551568,0.34503376
2014,,209,0.33652434,0.365833328,0.35203282,0.345245565
2014,,210,0.35058842,0.366153858,0.351358914,0.34521538
2014,,211,0.351914697,0.36777878,0.3497574,0.3449478
2014,,212,0.3517487,0.36803891,0.351467688,0.345083548
2014,,213,0.35081902,0.370474791,0.349608226,0.345510181
2014,,214,0.351402256,0.3661463,0.351286054,0.34517907
2014,,215,0.352261906,0.366526172,0.350736976,0.345801084
2014,,216,0.351173316,0.366570408,0.349669486,0.345021865
2014,,217,0.351019274,0.368164668,0.349248018,0.344379136
2014,,218,0.350689704,0.365273782,0.351180148,0.34370056
2014,,219,0.351290456,0.36721975,0.34990603,0.34496452
2014,,220,0.35086898,0.364752904,0.349766846,0.344014828
2014,,221,0.350314125,0.36481576,0.349168846,0.34273456
2014,,222,0.349916296,0.365489146,0.350328374,0.3433022
2014,,223,0.348807501,0.364896008,0.350092706,0.342534736
2014,,224,0.349620194,0.363721687,0.349812646,0.34099524
2014,,225,0.34731963,0.362451575,0.350375368,0.34233316
2014,,226,0.344701465,0.36330812,0.3515395,0.34358748
2014,,227,0.345837398,0.364641174,0.35115853,0.344133792
2014,,228,0.345802576,0.365915756,0.35173892,0.341331612
2014,,229,0.34478902,0.365216604,0.352358776,0.3434346
2014,,230,0.340420984,0.364790542,0.351773856,0.342371602
2014,,231,0.34082971,0.367081988,0.352516352,0.343016076
2014,,232,0.340755356,0.366234716,0.35245778,0.34253178
2014,,233,0.339728332,0.36679446,0.351801162,0.342828108
2014,,234,0.339928442,0.365576542,0.351766765,0.34126959
2014,,235,0.338764928,0.366508407,0.35200169,0.342520604
2014,,236,0.338022261,0.370195964,0.351971175,0.341383195
2014,,237,0.338364088,0.36653954,0.35187164,0.34187272
2014,,238,0.336431142,0.367971994,0.35169536,0.33874439
2014,,239,0.33656442,0.367521908,0.35146543,0.338719987
2014,,240,0.336125522,0.366538885,0.352488085,0.340679615
2014,,241,0.33393524,0.36541251,0.35219007,0.340453264
2014,,242,0.335183635,0.367655656,0.352045072,0.338625882
2014,,243,0.333372356,0.371344818,0.355488332,0.341589388
2014,,244,0.33572509,0.366285982,0.35411878,0.339405308
2014,,245,0.33544192,0.36699906,0.35356784,0.3412059
2014,,246,0.33700879,0.368184068,0.353248788,0.340481162
2014,,247,0.3354268,0.366768276,0.354476595,0.340538425
2014,,248,0.334637072,0.367701338,0.354970598,0.340517715
2014,,249,0.335211512,0.367612906,0.355159996,0.340539636
2014,,250,0.335203902,0.366333759,0.356290164,0.339657207
2014,,251,0.335100004,0.366686054,0.354587943,0.33846013
2014,,252,0.335493764,0.368969684,0.35425112,0.338488312
2014,,253,0.334786796,0.368784419,0.35472244,0.336684448
2014,,254,0.334543177,0.37065874,0.35386494,0.336485412
2014,,255,0.334468698,0.368815563,0.353158464,0.336298897
2014,,256,0.335155034,0.368984091,0.353771501,0.335677128
2014,,257,0.334582773,0.37101954,0.35382664,0.33579248
2014,,258,0.3349316,0.370136112,0.353301203,0.336072196
2014,,259,0.33518773,0.369034014,0.353633135,0.334818298
2014,,260,0.33459076,0.372070597,0.352035293,0.332894678
2014,,261,0.335817656,0.373072725,0.353350425,0.332722515
2014,,262,0.336621042,0.375552466,0.356318661,0.33339828
2014,,263,0.33526253,0.37324499,0.354309615,0.331295335
2014,,264,0.33733028,0.369801868,0.354149142,0.332060696
2014,,265,0.33819641,0.370446942,0.353260868,0.332947388
2014,,266,0.335771528,0.367631362,0.35255992,0.330543058
2014,,267,0.336299756,0.372574452,0.3512269,0.329834228
2014,,268,0.336293818,0.369918726,0.351412672,0.330638498
2014,,269,0.337677756,0.375245273,0.352914605,0.33106193
2014,,270,0.34223619,0.36564726,0.35037017,0.33110458
2014,,271,0.346698216,0.367541949,0.350790487,0.328582027
2014,,272,0.33680937,0.36684516,0.35008815,0.32912752
2014,,273,0.336311318,0.36728832,0.35025963,0.33054954
2014,,274,0.3374748,0.36452433,0.34875665,0.330223832
2014,,275,0.3419463,0.366718968,0.349408248,0.331438598
2014,,276,0.339081628,0.370972858,0.349136163,0.332535851
2014,,277,0.3386195,0.371194844,0.348232604,0.33232186
2014,,278,0.34072111,0.371513428,0.349437964,0.333082916
2014,,279,0.340732124,0.370519688,0.346932918,0.33147454
2014,,280,0.342070452,0.369878516,0.347426722,0.333131816
2014,,281,0.341352616,0.37112388,0.348135872,0.332644372
2014,,282,0.34191456,0.369962344,0.348700864,0.333443804
2014,,283,0.341779952,0.3695935,0.345792017,0.333598685
2014,,284,0.340789324,0.36887184,0.345589202,0.336032848
2014,,285,0.340162563,0.368343172,0.346691388,0.337605872
2014,,286,0.340080958,0.367614034,0.344935764,0.33798606
2014,,287,0.340497224,0.366090344,0.34409509,0.337416053
2014,,288,0.339581028,0.36996183,0.34483597,0.3416764
2014,,289,0.338693106,0.367518743,0.343531618,0.342648466
2014,,290,0.3390679,0.3666168,0.34204814,0.3455521
2014,,291,0.339335168,0.36595562,0.344272084,0.346823806
2014,,292,0.33929223,0.36453065,0.34121788,0.346289206
2014,,293,0.338163922,0.3596581,0.34392732,0.34867516
2014,,294,0.336999204,0.359390875,0.344048053,0.353435286
2014,,295,0.33887276,0.365572772,0.343733256,0.351996828
2014,,296,0.338075694,0.366103281,0.343389185,0.355831657
2014,,297,0.337930448,0.3642817,0.3428492,0.358479934
2014,,298,0.340258282,0.361821078,0.345071201,0.360109533
2014,,299,0.347507978,0.369239584,0.34489495,0.360105896
2014,,300,0.342525623,0.368528362,0.344107119,0.354817336
2014,,301,0.347910412,0.36826946,0.344675278,0.35761796
2014,,302,0.339421498,0.3623428,0.34505506,0.359256804
2014,,303,0.338506863,0.368125476,0.343901286,0.357904236
2014,,304,0.337934604,0.36459064,0.34424164,0.360190018
2014,,305,0.3364264,0.366466094,0.344111316,0.35951349
2014,,306,0.33716884,0.366283062,0.3466568,0.36300033
2014,,307,0.34363514,0.369223598,0.342380566,0.358312888
2014,,308,0.350465568,0.369872711,0.34531131,0.360714849
2014,,309,0.347595184,0.363056222,0.344714663,0.35857996
2014,,310,0.34961006,0.36834577,0.344729732,0.357784298
2014,,311,0.338987122,0.365985536,0.343882624,0.356077004
2014,,312,0.348447996,0.363645776,0.34522995,0.35572615
2014,,313,0.347397734,0.362149976,0.345721708,0.357983054
2014,,314,0.33966334,0.362488079,0.345843857,0.355738457
2014,,315,0.338493632,0.36855578,0.3433421,0.35287407
2014,,316,0.34201579,0.368642972,0.34715751,0.357134961
2014,,317,0.33562535,0.36822013,0.3443501,0.35349309
2014,,318,0.34751788,0.367319404,0.344745592,0.349818572
2014,,319,0.347813205,0.36562936,0.34476899,0.349841474
2014,,320,0.336656092,0.369555015,0.34502786,0.3527328
2014,,321,0.336885028,0.369946252,0.34473985,0.35068992
2014,,322,0.33869943,0.366347678,0.34326115,0.35049826
2014,,323,0.33743966,0.36799964,0.34355795,0.35043094
2014,,324,0.33729348,0.36938736,0.342631386,0.350477601
2014,,325,0.33748853,0.36929977,0.3424506,0.34843913
2014,,326,0.3371736,0.3677169,0.343052637,0.34795982
2014,,327,0.3366599,0.368571826,0.34466764,0.3510599
2014,,328,0.336582822,0.36732408,0.34668374,0.35311514
2014,,329,0.35009626,0.365198071,0.345256978,0.351173334
2014,,330,0.35185876,0.3677217,0.34303942,0.3467753
2014,,331,0.35112322,0.36805248,0.34263977,0.34664732
2014,,332,0.33772936,0.366997067,0.344388028,0.3486167
2014,,333,0.33741885,0.36432594,0.3434084,0.3475056
2014,,334,0.340272078,0.36552182,0.344760362,0.347832652
2014,,335,0.3382372,0.364503378,0.344501228,0.347486382
2014,,336,0.341556604,0.3651122,0.34615332,0.3518674
2014,,337,0.338764192,0.361785984,0.34201002,0.345703098
2014,,338,0.33908072,0.365785196,0.342446322,0.348423319
2014,,339,0.338811094,0.359463639,0.34247556,0.350633
2014,,340,0.343514056,0.361660011,0.340672406,0.351731748
2014,,341,0.335619738,0.363976529,0.342698392,0.35228675
2014,,342,0.340838614,0.364862546,0.341902263,0.350864701
2014,,343,0.3416577,0.36746487,0.34372282,0.34860417
2014,,344,0.347427632,0.364574936,0.34618129,0.351113646
2014,,345,0.34596467,0.363946189,0.34448707,0.350395192
2014,,346,0.343306062,0.363418533,0.342336833,0.347148567
2014,,347,0.33996496,0.36214212,0.341202854,0.346284844
2014,,348,0.353115572,0.369492996,0.341649016,0.34785425
2014,,349,0.348316272,0.364563136,0.341958079,0.347043259
2014,,350,0.342269843,0.36368617,0.340911116,0.346620432
2014,,351,0.340914252,0.36698577,0.342433088,0.348329736
2014,,352,0.3431954,0.365627464,0.344757688,0.349510961
2014,,353,0.342916216,0.366488191,0.342298692,0.34747999
2014,,354,0.341665586,0.366819194,0.34642053,0.35091047
2014,,355,0.3513215,0.367517616,0.34285186,0.34710613
2014,,356,0.351483743,0.370946038,0.341532299,0.348053925
2014,,357,0.34875804,0.36704143,0.341808029,0.346012311
2014,,358,0.3525909,0.37092931,0.34146663,0.344924779
2014,,359,0.35181999,0.3664116,0.341523828,0.345352986
2014,,360,0.345369009,0.370237438,0.342161135,0.34567629
2014,,361,0.343369995,0.366955458,0.3411778,0.3462325
2014,,362,0.3422199,0.363069616,0.343365484,0.349585818
2014,,363,0.341113363,0.368809507,0.35047524,0.345009773
2014,,364,0.350209082,0.36676583,0.348346623,0.348091617
2014,,365,0.346220246,0.365183356,0.345382181,0.353089383
2015,,1,0.353349131,0.366577062,0.336835232,0.351739553
2015,,2,0.350096779,0.367503544,0.343802999,0.350769637
2015,,3,0.349304634,0.367190084,0.34893504,0.348448072
2015,,4,0.344308578,0.365313014,0.34506172,0.346631386
2015,,5,0.34289252,0.365465084,0.3404298,0.34596727
2015,,6,0.350811872,0.37219562,0.342168124,0.349573356
2015,,7,0.350958524,0.36793785,0.33977248,0.34729264
2015,,8,0.34416637,0.36487628,0.340838106,0.34707595
2015,,9,0.344047032,0.365519536,0.341354842,0.348875284
2015,,10,0.3442149,0.363648432,0.340715528,0.346619362
2015,,11,0.34824952,0.3688591,0.343078012,0.351176244
2015,,12,0.350500532,0.36464189,0.343810798,0.349968684
2015,,13,0.3522455,0.36760733,0.343725532,0.3480436
2015,,14,0.344368944,0.363617344,0.339938992,0.346726016
2015,,15,0.344277576,0.365418706,0.34255223,0.347793972
2015,,16,0.346037198,0.36461662,0.34045836,0.348340756
2015,,17,0.344359268,0.362441418,0.3401624,0.349769148
2015,,18,0.344506248,0.364304188,0.339486842,0.347843056
2015,,19,0.344404652,0.3642086,0.33997524,0.34848772
2015,,20,0.343052002,0.366293496,0.34238473,0.3501622
2015,,21,0.34691504,0.36854458,0.34283426,0.3489322
2015,,22,0.349216275,0.3653634,0.338414,0.349688077
2015,,23,0.34602801,0.36662169,0.338956019,0.348975144
2015,,24,0.356015163,0.377221671,0.342911605,0.355076172
2015,,25,0.349282161,0.360674084,0.341040082,0.352094457
2015,,26,0.34622875,0.36378938,0.3388632,0.35089234
2015,,27,0.350315208,0.365171244,0.3384264,0.349951185
2015,,28,0.351473083,0.364898487,0.33939376,0.349516389
2015,,29,0.344802642,0.36561307,0.33722922,0.349971042
2015,,30,0.349194848,0.365648016,0.337073304,0.35039034
2015,,31,0.34832358,0.368343244,0.33830317,0.352730306
2015,,32,0.34578927,0.363602936,0.33793468,0.35024142
2015,,33,0.352387044,0.375146692,0.34232094,0.35386487
2015,,34,0.352171405,0.369043485,0.34239276,0.35382659
2015,,35,0.349392076,0.365512271,0.35235439,0.353616411
2015,,36,0.35494956,0.37181574,0.341189264,0.354705686
2015,,37,0.355750976,0.37239693,0.33943514,0.353127848
2015,,38,0.354127508,0.364354858,0.3395756,0.35228958
2015,,39,0.347300876,0.36374358,0.339416638,0.35128356
2015,,40,0.3481123,0.36453474,0.342006181,0.352248505
2015,,41,0.35165103,0.365315645,0.337977115,0.35126348
2015,,42,0.3545495,0.37199976,0.340740284,0.35466321
2015,,43,0.35313338,0.36483642,0.3472117,0.3517145
2015,,44,0.34798278,0.36073769,0.339436698,0.350117088
2015,,45,0.347691596,0.364441404,0.340299244,0.35179693
2015,,46,0.34823142,0.363787316,0.342374156,0.349187044
2015,,47,0.355288642,0.369082128,0.34144098,0.354857536
2015,,48,0.355082774,0.370708312,0.340800138,0.353521176
2015,,49,0.355702228,0.370312832,0.341137876,0.354112332
2015,,50,0.356094178,0.369115808,0.341344272,0.353487878
2015,,51,0.349070619,0.362699272,0.338717973,0.34990453
2015,,52,0.348044994,0.363379328,0.338224544,0.34946896
2015,,53,0.350195368,0.36291364,0.339267733,0.349879414
2015,,54,0.348916622,0.362242739,0.34169793,0.352103128
2015,,55,0.3491714,0.3646357,0.34699383,0.352832068
2015,,56,0.34946114,0.36420664,0.350094928,0.35190183
2015,,57,0.350106692,0.367275412,0.352286606,0.351367952
2015,,58,0.3532292,0.36812964,0.346772475,0.35378385
2015,,59,0.352753036,0.366572784,0.340892736,0.353398372
2015,,60,0.350875525,0.363557025,0.341623665,0.3506529
2015,,61,0.349809692,0.37086929,0.34160872,0.353721508
2015,,62,0.351021732,0.363228352,0.339726228,0.352490072
2015,,63,0.349022576,0.365313016,0.340370036,0.357300936
2015,,64,0.34970064,0.366172192,0.340662472,0.352948772
2015,,65,0.34998323,0.36711842,0.33914369,0.35205625
2015,,66,0.351253464,0.365864142,0.339212302,0.353232938
2015,,67,0.355504772,0.36885105,0.340922536,0.35805097
2015,,68,0.35747755,0.37314314,0.34250447,0.35859638
2015,,69,0.357351582,0.37350664,0.342607298,0.35861626
2015,,70,0.350710625,0.366025189,0.338726497,0.354467495
2015,,71,0.356771424,0.36843908,0.343894828,0.35766287
2015,,72,0.356344664,0.369423588,0.3400802,0.35663804
2015,,73,0.354764578,0.3659328,0.339661578,0.355467596
2015,,74,0.356732626,0.37337705,0.34195022,0.358652484
2015,,75,0.354993,0.3708254,0.33989757,0.35555956
2015,,76,0.35445303,0.36724588,0.33972678,0.35452357
2015,,77,0.35697258,0.36880449,0.340873792,0.357631154
2015,,78,0.3550156,0.374039378,0.340038792,0.356427026
2015,,79,0.35727439,0.37287736,0.342004814,0.359445296
2015,,80,0.355911424,0.370196928,0.3408219,0.35719815
2015,,81,0.351439068,0.367851958,0.345498752,0.35679895
2015,,82,0.35471848,0.370006573,0.34095892,0.35762554
2015,,83,0.35290855,0.36390585,0.34173986,0.35559896
2015,,84,0.353967948,0.36405438,0.341557608,0.354766062
2015,,85,0.352656484,0.365090542,0.340700876,0.356478854
2015,,86,0.351718363,0.36656502,0.34204863,0.3553469
2015,,87,0.351240722,0.36751517,0.339274956,0.353073903
2015,,88,0.3512488,0.366431156,0.339751574,0.353948472
2015,,89,0.354435756,0.36572938,0.341415387,0.355182647
2015,,90,0.357187335,0.36971575,0.34287336,0.35678402
2015,,91,0.353472212,0.36595133,0.33991447,0.35195116
2015,,92,0.35097639,0.365884556,0.340056556,0.3534915
2015,,93,0.351943853,0.365287944,0.341101535,0.356589631
2015,,94,0.351900528,0.367647232,0.340809716,0.356299672
2015,,95,0.352329908,0.371425179,0.34085108,0.354382768
2015,,96,0.354968766,0.3720312,0.341131535,0.353483608
2015,,97,0.354219248,0.36748758,0.342675176,0.354152758
2015,,98,0.352532076,0.364557484,0.339666106,0.35257822
2015,,99,0.35204436,0.363732106,0.340175966,0.353083274
2015,,100,0.352935075,0.36624932,0.340789452,0.353931471
2015,,101,0.351102394,0.37028504,0.340722146,0.3536307
2015,,102,0.352400359,0.365757977,0.341755114,0.35514256
2015,,103,0.351679916,0.368360357,0.339530776,0.354379571
2015,,104,0.351595951,0.3684428,0.340042162,0.354103671
2015,,105,0.35416971,0.3794524,0.34215866,0.355253578
2015,,106,0.356116636,0.371698292,0.34554872,0.358109638
2015,,107,0.351979272,0.37022723,0.342475048,0.35394704
2015,,108,0.351584024,0.368279001,0.342999098,0.354994725
2015,,109,0.351826432,0.3665236,0.340901908,0.352374248
2015,,110,0.354902457,0.372534077,0.342369353,0.355938162
2015,,111,0.353561485,0.367072367,0.344537408,0.35551563
2015,,112,0.352937203,0.368195172,0.344233696,0.354070596
2015,,113,0.35469892,0.371579984,0.344094248,0.352687008
2015,,114,0.356508886,0.371062754,0.34658747,0.354190843
2015,,115,0.353862755,0.36856592,0.34645802,0.35591272
2015,,116,0.353125511,0.365716771,0.344586435,0.354016936
2015,,117,0.352954773,0.365811594,0.345257167,0.355569606
2015,,118,0.3529605,0.368790694,0.343117304,0.353541926
2015,,119,0.352582128,0.369352279,0.342742108,0.35223457
2015,,120,0.3536616,0.368383152,0.34243276,0.35198158
2015,,121,0.352722053,0.365331924,0.34264156,0.351011438
2015,,122,0.353099093,0.369194774,0.343857299,0.353457962
2015,,123,0.353517079,0.368391293,0.344341505,0.353888477
2015,,124,0.351991152,0.370295136,0.343197966,0.35106194
2015,,125,0.357499628,0.382212184,0.350727338,0.356669836
2015,,126,0.355376156,0.37235346,0.348154852,0.35395649
2015,,127,0.352795749,0.36929471,0.345683342,0.352541509
2015,,128,0.35369444,0.371592646,0.345928338,0.352692275
2015,,129,0.354157155,0.371902844,0.345294915,0.351754755
2015,,130,0.35470773,0.370980146,0.346714148,0.35439612
2015,,131,0.35222384,0.366780159,0.348125952,0.351452634
2015,,132,0.357774308,0.376849234,0.351830638,0.354300676
2015,,133,0.353462761,0.37322677,0.350159724,0.355084311
2015,,134,0,0,0,0
2015,,135,0,0,0,0
2015,,136,0,0,0,0
2015,,137,0,0,0,0
2015,,138,0,0,0,0
2015,,139,0,0,0,0
2015,,140,0,0,0,0
2015,,141,0,0,0,0
2015,,142,0,0,0,0
2015,,143,0,0,0,0
2015,,144,0,0,0,0
2015,,145,0,0,0,0
2015,,146,0,0,0,0
2015,,147,0,0,0,0
2015,,148,0,0,0,0
2015,,149,0,0,0,0
2015,,150,0,0,0,0
2015,,151,0,0,0,0
2015,,152,0,0,0,0
2015,,153,0.35712868,0.370240632,0.350194166,0.349897256
2015,,154,0,0,0,0
2015,,155,0,0,0,0
2015,,156,0,0,0,0
2015,,157,0,0,0,0
2015,,158,0,0,0,0
2015,,159,0,0,0,0
2015,,160,0,0,0,0
2015,,161,0,0,0,0
2015,,162,0,0,0,0
2015,,163,0,0,0,0
2015,,164,0,0,0,0
2015,,165,0,0,0,0
2015,,166,0,0,0,0
2015,,167,0,0,0,0
2015,,168,0,0,0,0
2015,,169,0,0,0,0
2015,,170,0,0,0,0
2015,,171,0,0,0,0
2015,,172,0,0,0,0
2015,,173,0,0,0,0
2015,,174,0,0,0,0
2015,,175,0,0,0,0
2015,,176,0,0,0,0
2015,,177,0,0,0,0
2015,,178,0,0,0,0
2015,,179,0,0,0,0
2015,,180,0,0,0,0
2015,,181,0,0,0,0
2015,,182,0,0,0,0
2015,,183,0,0,0,0
2015,,184,0,0,0,0
2015,,185,0,0,0,0
2015,,186,0,0,0,0
2015,,187,0,0,0,0
2015,,188,0,0,0,0
2015,,189,0,0,0,0
2015,,190,0,0,0,0
2015,,191,0,0,0,0
2015,,192,0,0,0,0
2015,,193,0,0,0,0
2015,,194,0,0,0,0
2015,,195,0,0,0,0
2015,,196,0,0,0,0
2015,,197,0,0,0,0
2015,,198,0,0,0,0
2015,,199,0,0,0,0
2015,,200,0,0,0,0
2015,,201,0,0,0,0
2015,,202,0,0,0,0
2015,,203,0,0,0,0
2015,,204,0,0,0,0
2015,,205,0,0,0,0
2015,,206,0,0,0,0
2015,,207,0,0,0,0
2015,,208,0,0,0,0
2015,,209,0,0,0,0
2015,,210,0,0,0,0
2015,,211,0,0,0,0
2015,,212,0,0,0,0
2015,,213,0,0,0,0
2015,,214,0,0,0,0
2015,,215,0,0,0,0
2015,,216,0,0,0,0
2015,,217,0,0,0,0
2015,,218,0,0,0,0
2015,,219,0,0,0,0
2015,,220,0,0,0,0
2015,,221,0,0,0,0
2015,,222,0,0,0,0
2015,,223,0,0,0,0
2015,,224,0,0,0,0
2015,,225,0,0,0,0
2015,,226,0,0,0,0
2015,,227,0,0,0,0
2015,,228,0,0,0,0
2015,,229,0,0,0,0
2015,,230,0.344862193,0.364792696,0.347412849,0.337354592
2015,,231,0.34053306,0.366082135,0.34852885,0.33571105
2015,,232,0.3431814,0.365150125,0.34773606,0.33776992
2015,,233,0.341593145,0.365318,0.34824037,0.33691512
2015,,234,0.34022108,0.36622502,0.348507696,0.336607324
2015,,235,0.33980331,0.367589455,0.348640545,0.337184055
2015,,236,0.338478835,0.368276315,0.34823424,0.3369528
2015,,237,0.335875587,0.368027196,0.348203004,0.334556203
2015,,238,0.338692324,0.368378266,0.350818801,0.336275526
2015,,239,0.338067836,0.36921252,0.3495533,0.336695956
2015,,240,0.335530094,0.368348606,0.352411465,0.334735583
2015,,241,0.336979065,0.36880997,0.349301345,0.335193395
2015,,242,0.338235421,0.366835887,0.35077218,0.336121383
2015,,243,0.337150936,0.367972383,0.349444114,0.336124645
2015,,244,0.335709588,0.36837713,0.349853703,0.334879758
2015,,245,0.336375909,0.36793668,0.349527811,0.335504705
2015,,246,0.33714918,0.36741069,0.34979768,0.335908477
2015,,247,0.337777125,0.370706125,0.34976544,0.336055965
2015,,248,0.33791973,0.36776684,0.350877985,0.33418901
2015,,249,0.336418872,0.367590458,0.350307524,0.333921971
2015,,250,0.335319222,0.37355471,0.351381308,0.332355036
2015,,251,0.336377336,0.374376143,0.351645348,0.332212854
2015,,252,0.33564368,0.3777164,0.35352764,0.33442658
2015,,253,0.336793352,0.371677028,0.35283662,0.334638564
2015,,254,0.336854914,0.374351056,0.354833934,0.3332053
2015,,255,0.336769782,0.372882422,0.353866332,0.334101333
2015,,256,0.33773174,0.37312146,0.353230094,0.3351374
2015,,257,0.336499651,0.372103624,0.35262647,0.333922734
2015,,258,0.33521496,0.37475799,0.35295555,0.33254218
2015,,259,0.335680565,0.375164576,0.353051058,0.33424263
2015,,260,0.336532942,0.374185335,0.35380368,0.334215323
2015,,261,0.33558524,0.373999088,0.35324619,0.332973202
2015,,262,0.335829211,0.373085318,0.353439165,0.332861149
2015,,263,0.335848488,0.37167969,0.35263699,0.330941992
2015,,264,0.336733183,0.368129888,0.352492553,0.329594402
2015,,265,0.337477363,0.368950853,0.352779043,0.329512413
2015,,266,0.337160774,0.369270466,0.35191618,0.328713734
2015,,267,0.33769632,0.367226532,0.352101611,0.329788905
2015,,268,0.3384953,0.36770265,0.351973506,0.327735766
2015,,269,0.338408236,0.366616535,0.349329147,0.322805039
2015,,270,0.344602204,0.367188179,0.349613895,0.325327862
2015,,271,0.3384332,0.36758098,0.3495944,0.32604122
2015,,272,0.34500358,0.3648995,0.3489167,0.323658646
2015,,273,0.339154718,0.366470443,0.349400082,0.322716318
2015,,274,0.339894051,0.364244192,0.350075615,0.322913449
2015,,275,0.335650483,0.367626982,0.35077148,0.331982946
2015,,276,0.336077512,0.36865577,0.350187765,0.336139812
2015,,277,0.336987213,0.368929983,0.351583876,0.336166037
2015,,278,0.336029195,0.366606175,0.3501281,0.336262632
2015,,279,0.338464116,0.365667357,0.348979484,0.335431963
2015,,280,0.34179571,0.368993927,0.349915403,0.33701378
2015,,281,0.340788912,0.368033057,0.353349812,0.345130903
2015,,282,0.341456199,0.368020238,0.348742744,0.340827041
2015,,283,0.337624937,0.366900218,0.348783286,0.344018344
2015,,284,0.341070337,0.365403919,0.349571593,0.345018073
2015,,285,0.33665311,0.367888049,0.351009457,0.34646862
2015,,286,0.338434439,0.369505018,0.347204703,0.346522329
2015,,287,0.345369373,0.365692419,0.346079741,0.342999828
2015,,288,0.339555189,0.365702069,0.350536447,0.344381765
2015,,289,0.338878937,0.364876429,0.3495141,0.350008868
2015,,290,0.338685409,0.366901718,0.34912265,0.345306222
2015,,291,0.342415577,0.368951628,0.347863597,0.351107715
2015,,292,0.346234726,0.367040736,0.346477331,0.349307149
2015,,293,0.341629923,0.365933824,0.349334122,0.351623743
2015,,294,0.340279716,0.365102805,0.350163801,0.351365787
2015,,295,0.346582337,0.366514663,0.346839375,0.353032865
2015,,296,0.339060131,0.367203365,0.346482513,0.358212706
2015,,297,0.344814649,0.370144587,0.345388182,0.357772578
2015,,298,0.340574662,0.367806812,0.348020179,0.35546555
2015,,299,0.339149331,0.364697865,0.350110673,0.361677605
2015,,300,0.345426024,0.365476388,0.348095533,0.363810472
2015,,301,0.337603849,0.366757674,0.346390545,0.359400944
2015,,302,0.341544037,0.365099131,0.345763779,0.363505451
2015,,303,0.342752421,0.365832373,0.347115072,0.362845256
2015,,304,0.342307386,0.365550058,0.347581573,0.359416382
2015,,305,0.338788061,0.364706975,0.351413218,0.359615969
2015,,306,0.348366412,0.369680421,0.346997135,0.36622152
2015,,307,0.3472264,0.36584842,0.34703599,0.36396786
2015,,308,0.350887801,0.366758007,0.347454217,0.364475071
2015,,309,0.33949001,0.365277668,0.345542898,0.364560798
2015,,310,0.348666899,0.367335388,0.346387395,0.365458368
2015,,311,0.339701619,0.365487127,0.35099474,0.367181317
2015,,312,0.338537168,0.36526925,0.344836167,0.363046631
2015,,313,0.338338728,0.367620764,0.344010624,0.36339206
2015,,314,0.344997644,0.36409802,0.349015608,0.365409394
2015,,315,0.340060845,0.36732733,0.34532945,0.36289097
2015,,316,0.346473712,0.366429149,0.347287881,0.36269457
2015,,317,0.34356356,0.3650333,0.34654397,0.36270204
2015,,318,0.34109651,0.36470266,0.349997859,0.364921844
2015,,319,0.34285957,0.365044255,0.34496744,0.36100392
2015,,320,0.34857526,0.36526172,0.345320735,0.36079615
2015,,321,0,0,0,0
2015,,322,0,0,0,0
2015,,323,0,0,0,0
2015,,324,0,0,0,0
2015,,325,0,0,0,0
2015,,326,0,0,0,0
2015,,327,0,0,0,0
2015,,328,0,0,0,0
2015,,329,0,0,0,0
2015,,330,0,0,0,0
2015,,331,0,0,0,0
2015,,332,0,0,0,0
2015,,333,0,0,0,0
2015,,334,0,0,0,0
2015,,335,0,0,0,0
2015,,336,0,0,0,0
2015,,337,0,0,0,0
2015,,338,0,0,0,0
2015,,339,0,0,0,0
2015,,340,0,0,0,0
2015,,341,0,0,0,0
2015,,342,0,0,0,0
2015,,343,0,0,0,0
2015,,344,0,0,0,0
2015,,345,0,0,0,0
2015,,346,0,0,0,0
2015,,347,0,0,0,0
2015,,348,0,0,0,0
2015,,349,0,0,0,0
2015,,350,0,0,0,0
2015,,351,0,0,0,0
2015,,352,0,0,0,0
2015,,353,0,0,0,0
2015,,354,0,0,0,0
2015,,355,0,0,0,0
2015,,356,0,0,0,0
2015,,357,0,0,0,0
2015,,358,0,0,0,0
2015,,359,0,0,0,0
2015,,360,0,0,0,0
2015,,361,0,0,0,0
2015,,362,0,0,0,0
2015,,363,0,0,0,0
2015,,364,0,0,0,0
2015,,365,0,0,0,0
